한예준,Male,2009-09-12,관악구 봉천동 79,14
최민서,Female,2020-03-06,강남구 역삼동 91,3
강하준,Female,1973-06-07,강남구 역삼동 30,50
정지유,Male,2003-11-15,관악구 신림동 54,20
한지유,Male,2018-12-08,강동구 명일동 96,5
한하윤,Male,1971-08-01,서대문구 신촌동 17,52
한지유,Female,1973-05-01,서대문구 신촌동 86,50
이채원,Female,1970-09-20,서대문구 신촌동 29,53
정지우,Male,1988-11-16,관악구 봉천동 27,35
이민서,Female,1984-04-03,송파구 송파동 22,39
박지우,Female,1972-10-20,강남구 논현동 9,51
한하준,Female,2017-05-17,구로구 가리봉동 26,6
한지민,Male,1977-03-14,강남구 논현동 37,46
최예준,Female,1992-08-19,동작구 대방동 49,31
강서준,Male,2003-02-27,강남구 역삼동 48,20
오채원,Female,1972-01-17,동작구 대방동 50,51
박하준,Male,1990-11-18,동작구 대방동 52,33
서지민,Male,1996-12-28,강동구 명일동 75,27
김서준,Male,2004-03-28,강동구 명일동 38,19
강지유,Female,1986-08-06,동작구 대방동 37,37
박지민,Female,1979-08-14,송파구 송파동 93,44
최서준,Male,1976-02-26,관악구 봉천동 36,47
김시우,Male,1994-11-23,마포구 마포동 48,29
정민준,Male,2022-12-01,관악구 신림동 55,1
한시우,Male,1986-11-28,관악구 신림동 5,37
하지우,Male,2011-04-13,관악구 신림동 25,12
한서윤,Male,2018-04-17,강남구 논현동 22,5
오서준,Male,2000-05-05,마포구 마포동 75,23
김민서,Female,1972-11-04,서대문구 신촌동 11,51
정지유,Male,2008-09-20,송파구 송파동 14,15
